City_ID,City,Country,Lat,Lng,Max Temp,Humidity,Cloudiness,Wind Speed,Current Description
0,Mataura,NZ,-46.1927,168.8643,48.47,70,100,5.32,light rain
1,Yulara,AU,-25.2406,130.9889,73.54,30,0,14.05,clear sky
2,Cabo San Lucas,MX,22.8909,-109.9124,92.61,74,20,8.05,few clouds
3,Ilheus,BR,-14.7889,-39.0494,69.55,82,12,3.0,few clouds
4,Ushuaia,AR,-54.8,-68.3,38.86,70,0,3.44,clear sky
5,Hilo,US,19.7297,-155.09,80.62,69,30,3.0,light rain
6,Rocha,UY,-34.4833,-54.3333,54.95,98,2,5.73,clear sky
7,Jamestown,US,42.097,-79.2353,65.52,89,1,1.99,clear sky
8,Rikitea,PF,-23.1203,-134.9692,72.95,75,9,7.34,clear sky
9,Chokurdakh,RU,70.6333,147.9167,34.9,59,37,6.78,scattered clouds
10,Yellowknife,CA,62.456,-114.3525,45.01,71,100,16.17,overcast clouds
11,Mocuba,MZ,-16.8392,36.9856,68.5,73,75,5.17,broken clouds
12,Port Alfred,ZA,-33.5906,26.891,60.06,77,95,30.2,light rain
13,Kulhudhuffushi,MV,6.6221,73.07,82.09,77,56,9.17,broken clouds
14,Lagoa,PT,39.05,-27.9833,66.45,66,92,11.68,overcast clouds
15,Arraial Do Cabo,BR,-22.9661,-42.0278,69.8,91,6,3.11,clear sky
16,San Luis,AR,-33.295,-66.3356,66.61,39,0,1.25,clear sky
17,Hermanus,ZA,-34.4187,19.2345,56.89,76,6,2.1,clear sky
18,Ponta Pora,BR,-22.5361,-55.7256,81.27,37,99,6.55,overcast clouds
19,Kapaa,US,22.0752,-159.319,84.18,67,20,4.0,few clouds
20,Bluff,NZ,-46.6,168.3333,48.79,78,100,14.03,light rain
21,Butaritari,KI,3.0707,172.7902,82.83,69,6,17.52,clear sky
22,Leningradskiy,RU,69.3833,178.4167,28.35,83,97,18.95,overcast clouds
23,Vaini,TO,-21.2,-175.2,71.76,94,90,10.36,moderate rain
24,Barrow,US,71.2906,-156.7887,35.62,80,90,13.8,overcast clouds
25,Carnarvon,AU,-24.8667,113.6333,68.07,42,0,18.41,clear sky
26,East London,ZA,-33.0153,27.9116,59.99,76,19,23.33,few clouds
27,Lebu,CL,-37.6167,-73.65,47.97,80,3,9.84,clear sky
28,Klaksvik,FO,62.2266,-6.589,54.52,88,100,22.53,overcast clouds
29,Doctor Arroyo,MX,23.6667,-100.1833,69.73,64,82,3.87,broken clouds
30,Daugavpils,LV,55.8833,26.5333,45.77,64,100,12.73,overcast clouds
31,Kaitangata,NZ,-46.2817,169.8464,54.84,56,100,7.74,light rain
32,Rorvik,NO,64.8621,11.2373,51.03,65,100,15.79,overcast clouds
33,Tommot,RU,58.9564,126.2925,42.69,64,15,10.47,few clouds
34,Nouadhibou,MR,20.931,-17.0347,75.72,78,73,8.37,broken clouds
35,Mangrol,IN,21.1167,70.1167,79.66,87,100,6.42,overcast clouds
36,Halifax,CA,44.6453,-63.5724,69.69,93,100,1.99,overcast clouds
37,Mount Gambier,AU,-37.8333,140.7667,53.51,94,90,18.41,overcast clouds
38,Itarema,BR,-2.9248,-39.9167,78.6,80,7,18.07,clear sky
39,Katsuura,JP,35.1333,140.3,78.91,72,93,26.04,overcast clouds
40,Upernavik,GL,72.7868,-56.1549,21.16,62,18,5.97,few clouds
41,Nizhniy Odes,RU,63.6445,54.856,33.73,82,100,13.09,overcast clouds
42,Touros,BR,-5.1989,-35.4608,77.9,76,8,16.71,clear sky
43,Sinnamary,GF,5.3833,-52.95,79.09,86,66,6.98,broken clouds
44,Bambous Virieux,MU,-20.3428,57.7575,68.22,82,66,8.39,broken clouds
45,Victoria,HK,22.2855,114.1577,87.96,84,58,1.01,broken clouds
46,Port Hardy,CA,50.6996,-127.4199,54.68,84,82,10.92,light rain
47,Bathurst,AU,-33.4166,149.5806,59.97,45,2,3.0,clear sky
48,Cherskiy,RU,68.75,161.3,34.61,56,14,12.59,few clouds
49,Busselton,AU,-33.65,115.3333,57.04,83,37,11.48,scattered clouds
50,Albany,US,42.6001,-73.9662,69.76,71,27,5.48,scattered clouds
51,Impfondo,CG,1.6381,18.0667,70.25,90,100,2.24,overcast clouds
52,Coahuayana,MX,18.7333,-103.6833,78.28,93,100,2.08,overcast clouds
53,Tuktoyaktuk,CA,69.4541,-133.0374,45.07,72,100,2.62,overcast clouds
54,Bengkulu,ID,-3.8004,102.2655,77.49,87,86,9.89,overcast clouds
55,Batsfjord,NO,70.6345,29.7185,40.33,80,2,17.94,clear sky
56,Cape Town,ZA,-33.9258,18.4232,59.11,76,71,4.0,light rain
57,Narsaq,GL,60.9167,-46.05,41.22,94,100,4.16,light rain
58,Bredasdorp,ZA,-34.5322,20.0403,49.28,88,1,7.47,clear sky
59,Hithadhoo,MV,-0.6,73.0833,83.12,73,100,6.96,overcast clouds
60,Puerto Ayora,EC,-0.7393,-90.3518,75.16,92,46,8.01,scattered clouds
61,San Carlos,VE,9.6612,-68.5827,74.62,87,5,3.15,clear sky
62,Castro,BR,-24.7911,-50.0119,64.67,84,39,1.79,scattered clouds
63,Karratha,AU,-20.7377,116.8463,82.36,22,0,10.96,clear sky
64,Kabinda,CD,-6.1333,24.4833,68.4,92,100,3.85,overcast clouds
65,Kruisfontein,ZA,-34.0033,24.7314,55.89,84,0,6.53,clear sky
66,Havoysund,NO,70.9963,24.6622,43.68,76,97,10.92,overcast clouds
67,Ambilobe,MG,-13.2,49.05,72.82,90,100,2.1,light rain
68,Bethel,US,41.3712,-73.414,73.71,88,40,3.44,scattered clouds
69,Broken Hill,AU,-31.95,141.4333,67.12,21,0,15.95,clear sky
70,Atuona,PF,-9.8,-139.0333,77.77,74,19,17.47,few clouds
71,Provideniya,RU,64.3833,-173.3,47.82,80,11,7.45,few clouds
72,Imeni Zhelyabova,RU,58.9544,36.5956,31.89,90,10,5.59,clear sky
73,Brae,GB,60.3964,-1.353,55.31,96,68,14.99,broken clouds
74,Rio Gallegos,AR,-51.6226,-69.2181,41.05,87,75,16.11,broken clouds
75,Fairbanks,US,64.8378,-147.7164,46.09,53,85,5.01,overcast clouds
76,Paamiut,GL,61.994,-49.6678,36.68,82,100,10.38,overcast clouds
77,Tuatapere,NZ,-46.1333,167.6833,48.81,73,100,9.22,light rain
78,Wajima,JP,37.4,136.9,74.25,67,95,17.9,overcast clouds
79,Sungaipenuh,ID,-2.0833,101.3833,65.77,99,100,2.15,light rain
80,Cockburn Town,TC,21.4612,-71.1419,82.92,69,0,15.93,clear sky
81,Poum,NC,-20.2333,164.0167,71.28,61,0,5.01,clear sky
82,New Norfolk,AU,-42.7826,147.0587,62.1,74,100,7.0,overcast clouds
83,Havre-Saint-Pierre,CA,50.2334,-63.5986,54.25,74,100,10.63,overcast clouds
84,Qaanaaq,GL,77.484,-69.3632,12.88,74,100,6.33,overcast clouds
85,Bilibino,RU,68.0546,166.4372,29.3,73,42,6.02,scattered clouds
86,Pacific Grove,US,36.6177,-121.9166,73.81,81,40,4.0,scattered clouds
87,Valparaiso,CL,-33.0393,-71.6273,51.44,76,0,4.61,clear sky
88,Bourail,NC,-21.5667,165.4833,75.6,45,0,4.45,clear sky
89,Lebanon,US,36.2081,-86.2911,72.16,78,1,0.0,clear sky
90,Ilulissat,GL,69.2167,-51.1,21.22,63,0,2.3,clear sky
91,Tabou,CI,4.423,-7.3528,76.89,88,28,7.11,light rain
92,Thompson,CA,55.7435,-97.8558,56.21,56,100,5.64,overcast clouds
93,Hobart,AU,-42.8794,147.3294,62.46,48,40,28.77,scattered clouds
94,Tasiilaq,GL,65.6145,-37.6368,37.56,67,100,4.85,overcast clouds
95,Rabo De Peixe,PT,37.8,-25.5833,65.71,72,40,9.22,scattered clouds
96,Hofn,IS,64.2539,-15.2082,51.76,87,10,16.58,clear sky
97,Punta Arenas,CL,-53.15,-70.9167,39.31,81,0,9.22,clear sky
98,Kenai,US,60.5544,-151.2583,58.03,69,0,7.31,clear sky
99,Mar Del Plata,AR,-38.0023,-57.5575,52.84,89,1,10.36,clear sky
100,Tiksi,RU,71.6872,128.8694,34.59,75,100,18.01,overcast clouds
101,Ribeira Grande,PT,38.5167,-28.7,68.22,67,100,8.81,overcast clouds
102,Chuy,UY,-33.6971,-53.4616,58.05,98,25,6.6,scattered clouds
103,Vinukonda,IN,16.05,79.75,80.02,74,100,0.69,overcast clouds
104,Pevek,RU,69.7008,170.3133,31.32,73,100,15.84,overcast clouds
105,Peniche,PT,39.3558,-9.3811,64.29,85,5,21.77,clear sky
106,Solnechnyy,RU,50.7214,136.6319,54.84,33,0,13.31,clear sky
107,Hasaki,JP,35.7333,140.8333,75.6,72,100,26.35,overcast clouds
108,Basco,PH,20.4487,121.9702,84.51,78,27,12.26,scattered clouds
109,Hauknes,NO,66.2833,14.0667,40.8,86,100,4.32,overcast clouds
110,Laa,SL,8.0797,-10.7732,72.14,99,100,1.9,light rain
111,Srednekolymsk,RU,67.45,153.6833,35.73,51,69,18.12,broken clouds
112,Loei,TH,17.4167,101.5,70.02,88,15,2.24,few clouds
113,Adre,TD,13.4667,22.2,73.62,73,37,2.15,scattered clouds
114,Antofagasta,CL,-23.65,-70.4,57.72,82,100,5.48,overcast clouds
115,Albemarle,US,35.3501,-80.2001,79.68,94,1,0.0,clear sky
116,Clonakilty,IE,51.6231,-8.8706,52.81,88,1,10.87,clear sky
117,Pinawa,CA,50.1489,-95.8811,68.59,54,6,13.76,clear sky
118,Touzim,CZ,50.0605,12.9851,53.35,92,100,3.15,overcast clouds
119,Nyrob,RU,60.733,56.7202,33.13,89,100,9.78,overcast clouds
120,Nampula,MZ,-15.1165,39.2666,66.76,78,100,10.74,overcast clouds
121,Avarua,CK,-21.2078,-159.775,78.85,65,11,17.27,few clouds
122,Nainpur,IN,22.4333,80.1167,72.14,93,100,2.48,overcast clouds
123,Mehamn,NO,71.0357,27.8492,41.29,78,0,13.0,clear sky
124,Batagay,RU,67.6333,134.6333,31.5,91,100,5.17,overcast clouds
125,Sosua,DO,19.7667,-70.5167,78.78,94,20,5.75,few clouds
126,Vardo,NO,70.3705,31.1107,43.47,77,4,19.55,clear sky
127,Svetlaya,RU,46.5389,138.3297,60.1,38,100,4.29,overcast clouds
128,Kerema,PG,-7.9631,145.7785,81.52,80,49,3.18,light rain
129,Tura,IN,25.5198,90.2201,73.98,95,34,2.73,scattered clouds
130,Xai-Xai,MZ,-25.0519,33.6442,59.74,65,0,1.66,clear sky
131,Taldan,RU,53.6667,124.8,48.54,49,0,5.91,clear sky
132,Wexford,IE,52.3342,-6.4575,60.58,86,100,11.54,overcast clouds
133,Kuryk,KZ,43.2,51.65,62.35,34,1,9.71,clear sky
134,Najran,SA,17.4924,44.1277,77.04,15,89,3.78,overcast clouds
135,Khani,GE,41.9563,42.9566,53.17,79,6,5.77,clear sky
136,Espirito Santo Do Pinhal,BR,-22.1158,-46.6828,75.72,41,61,5.3,broken clouds
137,Ponta Do Sol,PT,32.6667,-17.1,72.23,62,20,7.4,few clouds
138,Alpena,US,45.0617,-83.4327,57.97,88,1,0.0,clear sky
139,Port Elizabeth,ZA,-33.918,25.5701,58.1,76,1,17.27,clear sky
140,Umm Lajj,SA,25.0213,37.2685,81.45,63,4,7.96,clear sky
141,Strezhevoy,RU,60.7333,77.5889,39.18,89,44,14.85,scattered clouds
142,Lavrentiya,RU,65.5833,-171.0,39.13,92,100,10.22,overcast clouds
143,Eldorado,BR,-23.7869,-54.2836,80.83,44,85,4.12,overcast clouds
144,Barao De Cocais,BR,-19.9458,-43.4872,76.15,38,70,0.47,broken clouds
145,Guerrero Negro,MX,27.9769,-114.0611,71.51,74,16,19.48,few clouds
146,La Paz,BO,-16.5,-68.15,44.58,48,75,6.91,broken clouds
147,Neiafu,TO,-18.65,-173.9833,79.02,76,9,9.37,light rain
148,Buraydah,SA,26.326,43.975,82.45,18,6,8.61,clear sky
149,Ola,RU,59.5833,151.2833,47.03,94,100,7.94,light rain
150,Beringovskiy,RU,63.05,179.3167,49.32,63,7,3.96,clear sky
151,Vrangel,RU,42.7297,133.0839,68.05,66,100,7.29,overcast clouds
152,Kodiak,US,57.79,-152.4072,52.47,52,0,8.12,clear sky
153,Kieta,PG,-6.2167,155.6333,84.25,71,78,4.65,light rain
154,Severo-Kurilsk,RU,50.6789,156.125,52.68,92,100,14.16,light rain
155,Pringsewu,ID,-5.3582,104.9744,81.88,67,40,0.43,scattered clouds
156,Khatanga,RU,71.9667,102.5,31.59,68,1,13.04,clear sky
157,Nantucket,US,41.2835,-70.0995,66.96,94,0,11.79,clear sky
158,Grindavik,IS,63.8424,-22.4338,45.07,100,75,6.91,broken clouds
159,Santa Rosa,PH,14.3122,121.1114,81.1,89,100,10.38,overcast clouds
160,Torbay,CA,47.6666,-52.7314,61.48,94,1,14.18,clear sky
161,Forbes,AU,-33.3833,148.0167,64.56,34,0,10.58,clear sky
162,Ritchie,ZA,-29.038,24.6028,61.56,49,18,18.77,few clouds
163,Linares,CL,-35.85,-71.6,47.57,77,32,7.0,scattered clouds
164,Lompoc,US,34.6391,-120.4579,69.94,72,1,10.36,clear sky
165,Kenora,CA,49.8167,-94.4337,64.38,51,11,14.67,few clouds
166,Salalah,OM,17.0151,54.0924,80.69,94,75,4.61,broken clouds
167,Koumac,NC,-20.5667,164.2833,74.37,53,2,7.0,clear sky
168,Komsomolskiy,UZ,40.4272,71.7189,65.12,34,0,9.22,clear sky
169,Alofi,NU,-19.0595,-169.9187,78.04,80,4,13.02,light rain
170,Hamilton,US,39.1834,-84.5333,79.99,76,1,0.0,clear sky
171,Tarragona,ES,41.129,1.249,71.44,40,0,10.36,clear sky
172,Hovd,MN,48.0056,91.6419,56.97,43,0,7.43,clear sky
173,Andra,RU,62.5147,65.8878,32.16,96,100,19.13,light snow
174,Jos,NG,9.9167,8.9,64.78,87,7,3.94,clear sky
175,Saldanha,ZA,-33.0117,17.9442,57.25,86,100,21.12,overcast clouds
176,Aklavik,CA,68.2191,-135.0107,45.32,74,100,6.02,overcast clouds
177,Flin Flon,CA,54.7682,-101.865,62.11,51,100,9.8,overcast clouds
178,Malkapur,IN,20.8833,76.2,73.51,95,59,4.36,broken clouds
179,Fortuna,US,40.5982,-124.1573,67.12,62,75,5.01,broken clouds
180,Boa Vista,BR,2.8197,-60.6733,82.38,74,75,6.91,broken clouds
181,Belvedere Marittimo,IT,39.6179,15.8617,72.12,64,77,4.34,broken clouds
182,Mezen,RU,65.8522,44.24,40.8,74,100,5.93,overcast clouds
183,Aktau,KZ,43.65,51.2,50.58,37,0,11.45,clear sky
184,Marzuq,YE,14.4,46.4667,83.12,20,94,1.79,overcast clouds
185,Liwale,TZ,-9.7667,37.9333,63.77,96,58,2.51,broken clouds
186,Vestmannaeyjar,IS,63.4427,-20.2734,52.09,85,14,12.97,few clouds
187,Jimani,DO,18.4917,-71.8502,78.69,80,23,4.18,few clouds
188,Doha,QA,25.2867,51.5333,87.78,74,0,3.44,clear sky
189,Bloomington,US,44.8408,-93.2983,74.1,51,1,1.01,clear sky
190,Talnakh,RU,69.4865,88.3972,40.93,97,100,3.2,light rain
191,Husavik,IS,66.0449,-17.3389,49.32,85,48,9.73,scattered clouds
192,Udachnyy,RU,66.4167,112.4,32.68,82,58,3.8,broken clouds
193,Nikolskoye,RU,59.7035,30.7861,39.09,85,100,6.38,overcast clouds
194,Ilebo,CD,-4.3167,20.5833,69.26,95,95,2.48,light rain
195,Zaranj,AF,30.9667,61.8833,79.43,24,94,18.5,overcast clouds
196,Nagato,JP,34.3833,131.2,76.03,70,25,16.33,scattered clouds
197,Mercedes,AR,-34.6515,-59.4307,62.85,93,0,7.61,clear sky
198,Betafo,MG,-19.8333,46.85,52.7,89,100,4.88,overcast clouds
199,Nanortalik,GL,60.1432,-45.2371,41.02,92,100,11.61,light rain
200,Saint-Philippe,RE,-21.3585,55.7679,71.15,75,100,17.31,overcast clouds
201,Seddon,AU,-37.8068,144.8916,61.34,62,90,14.0,overcast clouds
202,Cabedelo,BR,-6.9811,-34.8339,75.87,78,3,14.34,clear sky
203,Martapura,ID,-3.4167,114.85,80.69,78,20,3.44,few clouds
204,Dikson,RU,73.5069,80.5464,34.12,75,10,26.13,clear sky
205,La Ronge,CA,55.1001,-105.2842,56.1,69,100,4.72,overcast clouds
206,Balingasay,PH,16.3573,119.8564,83.34,76,13,10.4,few clouds
207,Port Blair,IN,11.6667,92.75,81.43,80,52,5.37,broken clouds
208,Okhotsk,RU,59.3833,143.3,49.35,69,85,3.02,overcast clouds
209,Zyryanka,RU,65.75,150.85,44.65,60,100,12.1,overcast clouds
210,Mao,ES,39.8885,4.2658,75.76,78,20,6.91,few clouds
211,Beloha,MG,-25.1667,45.05,61.68,61,97,7.43,overcast clouds
212,Grand Baie,MU,-20.0182,57.5802,68.45,88,91,5.53,overcast clouds
213,Kombissiri,BF,12.0656,-1.3375,75.51,75,91,4.99,overcast clouds
214,Bereda,ES,43.2686,-7.5406,55.92,100,58,1.45,broken clouds
215,Balikpapan,ID,-1.2675,116.8289,81.59,83,20,10.36,few clouds
216,Tautira,PF,-17.7333,-149.15,82.42,81,88,18.37,light rain
217,Longyearbyen,SJ,78.2186,15.6401,46.24,81,75,12.66,moderate rain
218,Gat,IL,31.61,34.7642,74.39,68,0,5.55,clear sky
219,Gedo,ET,9.0167,37.45,49.41,96,33,1.57,scattered clouds
220,Kaniama,CD,-7.5667,24.1833,68.79,88,100,3.36,overcast clouds
221,Zhireken,RU,52.8249,117.3076,46.09,66,0,3.89,clear sky
222,Ewa Beach,US,21.3156,-158.0072,83.08,64,75,11.5,broken clouds
223,Portland,US,45.5234,-122.6762,63.66,82,30,1.99,scattered clouds
224,Dingle,PH,10.9995,122.6711,83.1,77,19,0.98,few clouds
225,Mahebourg,MU,-20.4081,57.7,68.25,83,76,10.4,light rain
226,Lyngseidet,NO,69.5763,20.2189,46.49,78,100,14.18,overcast clouds
227,Grand Gaube,MU,-20.0064,57.6608,68.38,88,94,5.14,overcast clouds
228,College,US,64.8569,-147.8028,44.55,51,75,12.66,broken clouds
229,Sosva,RU,59.1766,61.8558,35.58,97,100,10.94,overcast clouds
230,Morehead,US,37.2711,-87.1764,76.71,95,1,0.0,clear sky
231,Iqaluit,CA,63.7506,-68.5145,32.76,97,100,4.88,light snow
232,Chicama,PE,-7.8447,-79.1469,63.63,81,41,6.78,scattered clouds
233,Omboue,GA,-1.5746,9.2618,75.25,81,100,5.77,overcast clouds
234,Lorengau,PG,-2.0226,147.2712,83.68,75,98,7.05,light rain
235,Souillac,MU,-20.5167,57.5167,68.36,85,75,12.95,light rain
236,Inirida,CO,3.8653,-67.9239,74.16,96,100,1.5,overcast clouds
237,Faya,SA,18.3851,42.4509,61.32,22,76,3.8,broken clouds
238,Atar,MR,20.5169,-13.0499,84.25,42,70,11.52,broken clouds
239,Kuah,MY,6.3265,99.8432,82.33,73,96,7.54,overcast clouds
240,Almazar,UZ,40.3217,69.0106,71.31,23,0,7.02,clear sky
241,Ancud,CL,-41.8697,-73.8203,45.93,83,14,3.67,few clouds
242,Chifeng,CN,42.2683,118.9636,62.71,48,100,2.55,overcast clouds
243,Pisco,PE,-13.7,-76.2167,60.03,91,44,4.41,scattered clouds
244,Palu,ID,-0.8917,119.8707,85.01,60,97,0.67,overcast clouds
245,Mattru,SL,7.6244,-11.8332,73.69,98,100,1.66,light rain
246,Sao Geraldo Do Araguaia,BR,-6.4006,-48.555,86.72,37,48,3.71,scattered clouds
247,Balad,IQ,34.0164,44.1453,81.81,24,0,9.82,clear sky
248,Te Anau,NZ,-45.4167,167.7167,44.4,93,100,6.51,heavy intensity rain
249,Stawell,AU,-37.05,142.7667,54.95,69,97,17.56,overcast clouds
250,Rayong,TH,12.8333,101.4333,79.48,80,67,0.58,broken clouds
251,Kununurra,AU,-15.7667,128.7333,84.18,65,12,8.05,few clouds
252,Kirkuk,IQ,35.4681,44.3922,78.91,27,0,4.97,clear sky
253,Kapuskasing,CA,49.4169,-82.4331,49.44,79,61,4.54,light rain
254,Coihaique,CL,-45.5752,-72.0662,39.15,87,40,5.75,scattered clouds
255,Nianzishan,CN,47.5167,122.8833,49.46,91,100,4.65,overcast clouds
256,Sayyan,YE,15.1718,44.3244,64.08,28,68,5.97,broken clouds
257,Anju,KP,39.6178,125.6647,72.14,76,100,2.84,overcast clouds
258,San Jeronimo,PE,-11.9472,-75.2829,52.88,67,22,4.36,few clouds
259,Kahului,US,20.8947,-156.47,86.02,65,40,24.16,scattered clouds
260,Armidale,AU,-30.5167,151.65,59.81,27,0,4.88,clear sky
261,Sao Joao Da Barra,BR,-21.6403,-41.0511,73.4,86,8,9.66,clear sky
262,Byron Bay,AU,-28.65,153.6167,76.95,66,38,9.66,scattered clouds
263,Bandarbeyla,SO,9.4942,50.8122,79.0,78,100,22.66,overcast clouds
264,Paita,PE,-5.0892,-81.1144,64.69,82,0,14.72,clear sky
265,Dalvik,IS,65.9702,-18.5286,48.87,79,100,7.58,overcast clouds
266,Naryan-Mar,RU,67.6713,53.087,37.62,78,100,17.16,overcast clouds
267,Cidreira,BR,-30.1811,-50.2056,64.04,96,16,5.01,few clouds
268,Araouane,ML,18.9048,-3.5265,95.22,17,46,8.21,scattered clouds
269,Clyde River,CA,70.4692,-68.5914,29.71,82,100,3.22,light snow
270,Namatanai,PG,-3.6667,152.4333,84.15,72,78,9.08,light rain
271,Parrsboro,CA,45.4001,-64.332,69.26,95,87,3.87,overcast clouds
272,Georgetown,MY,5.4112,100.3354,78.89,89,20,4.61,few clouds
273,Pavlodar,KZ,52.3,76.95,46.2,66,40,15.66,scattered clouds
274,Izumo,JP,35.3667,132.7667,74.3,73,85,13.29,overcast clouds
275,Mangaratiba,BR,-22.9597,-44.0406,69.15,94,9,0.96,clear sky
276,Mandeville,JM,18.0417,-77.5071,70.52,92,30,2.04,scattered clouds
277,Alpinopolis,BR,-20.8636,-46.3881,78.8,33,96,0.34,overcast clouds
278,Nguruka,TZ,-5.1092,31.0419,68.02,77,100,2.04,light rain
279,Baykit,RU,61.67,96.37,43.84,88,90,0.89,overcast clouds
280,Lukovetskiy,RU,64.2956,41.9211,39.18,87,97,4.18,overcast clouds
281,Camacupa,AO,-12.0167,17.4833,69.91,55,93,3.8,overcast clouds
282,Beira,MZ,-19.8436,34.8389,71.69,64,40,12.66,scattered clouds
283,Kyshtovka,RU,56.555,76.6271,40.51,97,100,4.61,light rain
284,Harqalah,TN,36.0303,10.509,78.66,78,0,6.91,clear sky
285,Hecelchakan,MX,20.1667,-90.1333,83.98,61,100,4.12,overcast clouds
286,Marawi,PH,7.9986,124.2928,73.65,68,59,0.43,broken clouds
287,Zambezi,ZM,-13.5432,23.1047,68.13,37,11,5.14,few clouds
288,Namibe,AO,-15.1961,12.1522,59.45,86,8,3.38,clear sky
289,Terpni,GR,40.9167,23.4833,73.65,81,74,5.01,broken clouds
290,Ahipara,NZ,-35.1667,173.1667,57.22,64,100,9.19,overcast clouds
291,Gondanglegi,ID,-7.7479,112.0132,82.22,65,88,11.54,overcast clouds
292,Alice Springs,AU,-23.7,133.8833,67.55,37,75,18.41,broken clouds
293,Novikovo,RU,51.1537,37.8879,49.5,69,100,15.26,moderate rain
294,Auki,SB,-8.7676,160.7034,84.96,69,31,5.3,scattered clouds
295,Sao Filipe,CV,14.8961,-24.4956,79.16,82,57,5.03,broken clouds
296,Eyl,SO,7.9803,49.8164,78.62,80,87,18.01,overcast clouds
297,Evensk,RU,61.95,159.2333,46.51,96,100,12.82,light rain
298,Ingham,US,42.6,-84.3833,67.95,72,1,0.0,clear sky
299,Helong,CN,42.5397,128.9972,71.17,45,100,3.18,overcast clouds
300,Lufkin,US,31.3382,-94.7291,78.93,91,0,4.36,clear sky
301,Saint-Joseph,RE,-21.3667,55.6167,70.16,77,100,13.82,light rain
302,Luderitz,NA,-26.6481,15.1594,53.29,87,32,6.08,scattered clouds
303,Necochea,AR,-38.5473,-58.7368,51.04,84,6,11.05,clear sky
304,Chirongui,YT,-12.9319,45.1483,76.93,77,68,20.47,broken clouds
305,Rawson,AR,-43.3002,-65.1023,52.95,49,4,8.05,clear sky
306,Leua,SK,48.2156,18.6071,57.49,86,51,6.69,broken clouds
307,Fukue,JP,32.6881,128.8419,75.72,71,13,19.13,few clouds
308,Sola,VU,-13.8833,167.55,79.9,78,11,21.45,few clouds
309,Maracaibo,VE,10.6317,-71.6406,82.74,68,74,14.92,broken clouds
310,Chenghai,CN,23.4632,116.768,84.45,69,3,5.03,clear sky
311,Makungu,TZ,-8.7333,35.2833,57.27,85,9,2.06,clear sky
312,Vulturu,RO,45.6167,27.4167,64.53,52,100,5.84,overcast clouds
313,Fort Nelson,CA,58.8053,-122.7002,47.03,75,100,5.59,overcast clouds
314,Nome,US,64.5011,-165.4064,47.16,71,90,13.8,overcast clouds
315,Sarkand,KZ,45.41,79.9186,65.46,27,73,4.9,broken clouds
316,Cayenne,GF,4.9333,-52.3333,83.08,80,0,1.99,clear sky
317,Timra,SE,62.487,17.3257,42.48,93,90,3.44,overcast clouds
318,Pahrump,US,36.2083,-115.9839,90.05,6,0,3.0,clear sky
319,Soverato,IT,38.685,16.5499,66.15,49,72,5.26,broken clouds
320,Highland Springs,US,37.546,-77.3278,76.28,94,1,0.0,clear sky
321,Erdaojiang,CN,41.7764,126.0319,69.3,59,100,1.66,overcast clouds
322,Reo,BF,12.3167,-2.4667,78.17,65,5,6.15,clear sky
323,Payo,ID,-3.7508,103.6372,78.1,83,84,1.39,broken clouds
324,Rostovka,RU,55.3842,71.8891,38.28,94,52,10.92,broken clouds
325,Manokwari,ID,-0.8667,134.0833,81.93,70,99,6.02,light rain
326,Arlit,NE,18.7369,7.3853,90.68,10,0,4.36,clear sky
327,San Pedro,PH,14.35,121.0167,80.35,90,100,10.04,overcast clouds
328,Oranjemund,NA,-28.55,16.4333,54.37,89,47,10.58,scattered clouds
329,Tripoli,LY,32.8752,13.1875,85.01,33,0,10.65,clear sky
330,Gimli,CA,50.6336,-96.9907,71.44,51,0,21.3,clear sky
331,Port Hedland,AU,-20.3167,118.5667,87.85,10,5,8.05,clear sky
332,Timizart,DZ,36.8,4.2667,70.61,79,0,2.68,clear sky
333,Ayagoz,KZ,47.9714,80.4392,46.45,53,0,2.48,clear sky
334,Rajanpur,PK,29.1035,70.325,89.15,47,1,7.45,clear sky
335,Vila Franca Do Campo,PT,37.7167,-25.4333,66.61,73,81,6.55,broken clouds
336,Cape Coast,GH,5.1053,-1.2466,75.11,93,100,6.76,overcast clouds
337,Banjar,ID,-8.19,114.9675,82.26,63,12,1.23,few clouds
338,Ugoofaaru,MV,5.6667,73.0,82.45,77,29,9.15,scattered clouds
339,Machesney Park,US,42.3472,-89.039,76.06,63,1,8.05,clear sky
340,Faanui,PF,-16.4833,-151.75,77.83,75,16,17.65,light rain
341,Gold Coast,AU,-28.0,153.4333,81.77,54,59,1.99,broken clouds
342,Belyy Yar,RU,53.6039,91.3903,46.29,93,95,2.24,overcast clouds
343,Hami,CN,42.8,93.45,72.39,22,4,6.58,clear sky
344,Lexington,US,37.9887,-84.4777,76.98,81,100,3.29,overcast clouds
345,Cabra,ES,37.4725,-4.4421,68.9,49,6,1.88,clear sky
346,Bitung,ID,1.4451,125.1824,86.85,77,51,10.92,broken clouds
347,Padang,ID,-0.9492,100.3543,73.45,96,100,3.96,overcast clouds
348,Taltal,CL,-25.4,-70.4833,58.95,76,100,3.22,overcast clouds
349,Ecoporanga,BR,-18.3733,-40.8306,70.02,75,10,4.36,clear sky
350,Bonavista,CA,48.6499,-53.1147,61.12,93,73,17.54,broken clouds
351,Mogocha,RU,53.7333,119.7667,47.46,53,7,3.29,clear sky
352,Asyut,EG,27.181,31.1837,78.22,38,0,7.16,clear sky
353,Taywarah,AF,33.35,64.4167,51.31,14,11,5.48,few clouds
354,Zhirnovsk,RU,50.9845,44.7735,48.4,47,100,10.56,light rain
355,Galveston,US,29.3669,-94.9669,85.17,82,1,6.91,clear sky
356,Rio Rancho,US,35.2334,-106.6645,85.57,26,75,1.99,broken clouds
357,Tarpon Springs,US,28.1461,-82.7568,81.01,88,1,1.99,clear sky
358,Saskylakh,RU,71.9167,114.0833,28.38,84,17,2.93,few clouds
359,Kamina,CD,-8.7386,24.9906,68.18,78,100,5.39,overcast clouds
360,Galle,LK,6.0367,80.217,79.92,87,100,5.59,overcast clouds
361,Port-Cartier,CA,50.0334,-66.8654,57.74,70,100,7.72,overcast clouds
362,Kingisepp,RU,59.3733,28.6134,38.57,84,99,7.58,overcast clouds
363,Tornio,FI,65.8481,24.1466,42.82,72,100,7.63,overcast clouds
364,Dalbandin,PK,28.8947,64.4101,79.9,9,0,3.15,clear sky
365,Grand-Santi,GF,4.25,-54.3833,73.29,95,81,2.26,broken clouds
366,Guane,CU,22.2025,-84.0875,79.32,72,29,1.34,scattered clouds
367,Aksarka,RU,66.5606,67.7975,31.98,97,100,28.25,snow
368,Amuntai,ID,-2.4177,115.2494,81.7,64,37,1.97,scattered clouds
369,Vytegra,RU,61.0064,36.4481,41.85,65,100,4.34,overcast clouds
370,Krasnoselkup,RU,65.7,82.4667,39.49,88,93,8.97,overcast clouds
371,Derbent,RU,42.0678,48.2899,64.13,71,0,3.58,clear sky
372,Palmer,US,42.1584,-72.3287,72.01,84,40,4.61,scattered clouds
373,Darhan,MN,49.4867,105.9228,57.58,72,7,1.77,clear sky
374,Potam,MX,27.6,-110.3833,93.92,63,7,10.42,clear sky
375,Vanimo,PG,-2.6741,141.3028,80.96,84,88,4.74,light rain
376,Aquiraz,BR,-3.9014,-38.3911,80.69,80,7,13.27,clear sky
377,Sinjai,ID,-5.1241,120.253,82.31,65,100,4.88,moderate rain
378,Kharp,RU,66.8014,65.8081,34.63,80,100,14.41,overcast clouds
379,Katobu,ID,-4.9408,122.5276,81.37,72,97,4.81,overcast clouds
380,Sorkjosen,NO,69.8,20.9333,44.22,76,100,10.78,overcast clouds
381,Douglas,US,41.3,-96.167,83.14,66,1,3.0,clear sky
382,Nakamura,JP,32.9833,132.9333,81.1,63,3,3.02,clear sky
383,Dharchula,IN,29.85,80.5333,71.47,93,43,0.74,scattered clouds
384,Tiznit,MA,29.5833,-9.5,65.95,84,100,2.21,overcast clouds
385,Akyab,MM,20.15,92.9,80.02,85,100,6.13,moderate rain
386,Xichang,CN,27.8964,102.2634,63.45,89,97,2.06,overcast clouds
387,Tromso,NO,69.6496,18.957,46.42,71,75,16.11,broken clouds
388,Kaabong,UG,3.4836,34.1492,60.71,97,37,3.18,scattered clouds
389,Vaitape,PF,-16.5167,-151.75,77.83,75,16,17.76,light rain
390,Korsakovo,RU,53.2677,37.3569,43.16,95,100,17.74,moderate rain
391,Guarda,PT,40.5373,-7.2658,46.06,68,0,5.03,clear sky
392,Vilyuysk,RU,63.7553,121.6247,39.6,62,100,9.44,overcast clouds
393,Jumla,NP,29.2747,82.1838,60.42,92,1,1.43,clear sky
394,Lodja,CD,-3.4833,23.4333,68.43,99,100,3.27,moderate rain
395,Shuangcheng,CN,45.35,126.2833,59.65,69,53,6.4,broken clouds
396,Formiga,BR,-20.4644,-45.4264,74.68,42,9,3.31,clear sky
397,Karasburg,NA,-28.0167,18.75,54.23,36,100,8.75,overcast clouds
398,Chor,PK,25.5167,69.7667,84.33,71,32,13.47,scattered clouds
399,Bilma,NE,18.6853,12.9164,86.52,16,83,8.3,broken clouds
400,Kumba,CM,4.6363,9.4469,71.33,97,100,2.04,overcast clouds
401,Esmeraldas,BR,-19.7625,-44.3139,73.54,30,30,5.23,scattered clouds
402,Mazagao,BR,-0.115,-51.2894,86.05,89,76,5.77,broken clouds
403,Batasan,PH,12.7667,120.7833,82.53,71,19,0.78,few clouds
404,Sweetwater,US,25.7634,-80.3731,84.22,84,75,3.44,broken clouds
405,Geraldton,AU,-28.7667,114.6,61.21,72,3,10.36,clear sky
406,Berlevag,NO,70.8578,29.0864,41.54,78,0,18.75,clear sky
407,Isangel,VU,-19.55,169.2667,75.72,63,28,14.32,scattered clouds
408,Sao Felix Do Xingu,BR,-6.6447,-51.995,77.95,50,12,1.16,few clouds
409,Riyadh,SA,24.6877,46.7219,80.74,17,0,6.67,clear sky
410,Maniitsoq,GL,65.4167,-52.9,35.76,53,3,5.68,clear sky
411,Axim,GH,4.8699,-2.2405,74.8,92,100,4.79,overcast clouds
412,Conceicao Do Araguaia,BR,-8.2578,-49.2647,83.34,30,41,1.25,scattered clouds
413,Plainview,US,40.7765,-73.4673,79.48,81,20,0.0,few clouds
414,Airai,TL,-8.9266,125.4092,73.02,34,20,4.85,few clouds
415,Yangambi,CD,0.8102,24.4336,68.36,99,100,2.57,light rain
416,Stornoway,GB,58.2093,-6.3865,55.92,88,40,5.75,scattered clouds
417,Baturaja,ID,-4.1333,104.1667,79.14,80,32,2.68,scattered clouds
418,Bathsheba,BB,13.2167,-59.5167,81.46,70,95,7.99,overcast clouds
419,Sambava,MG,-14.2667,50.1667,70.92,85,100,5.77,overcast clouds
420,Luganville,VU,-15.5333,167.1667,79.93,81,53,14.14,broken clouds
421,Aranos,NA,-24.1333,19.1167,60.84,26,0,7.05,clear sky
422,Olga,RU,43.7444,135.2892,68.25,37,23,4.61,few clouds
423,Ust-Shonosha,RU,61.1531,41.343,31.05,96,9,4.65,clear sky
424,Kupino,RU,54.3663,77.2981,44.82,89,100,13.38,light rain
425,Sitka,US,57.0531,-135.33,53.49,82,90,0.0,light rain
426,Makakilo City,US,21.3469,-158.0858,88.12,50,40,11.5,scattered clouds
427,Sorland,NO,67.667,12.6934,51.57,76,100,16.91,overcast clouds
428,Kirkwall,GB,58.9848,-2.9587,53.96,97,40,5.75,scattered clouds
429,Shorewood,US,41.52,-88.2017,73.35,74,1,1.01,clear sky
430,Gamba,GA,-2.65,10.0,74.21,86,100,6.55,overcast clouds
431,Korla,CN,41.7597,86.1469,72.0,25,0,4.54,clear sky
432,Constantine,DZ,36.365,6.6147,70.56,76,1,0.63,clear sky
433,Budogoshch,RU,59.2816,32.4707,34.66,87,100,7.54,overcast clouds
434,Erdenet,MN,49.0333,104.0833,53.56,75,55,2.15,broken clouds
435,Recreio,BR,-21.525,-42.4692,77.99,56,84,3.42,broken clouds
436,Klimovo,RU,52.3805,32.1923,47.77,96,100,10.76,overcast clouds
437,Tarko-Sale,RU,64.9225,77.785,38.48,89,100,17.38,overcast clouds
438,Kerrville,US,30.0474,-99.1403,83.52,64,1,0.0,clear sky
439,Monrovia,LR,6.3005,-10.7969,75.2,93,100,5.53,light rain
440,Norman Wells,CA,65.282,-126.8329,50.23,62,100,9.24,overcast clouds
441,Marsabit,KE,2.3284,37.9899,65.93,55,85,13.62,overcast clouds
442,Tilichiki,RU,60.4667,166.1,49.17,65,100,3.27,overcast clouds
443,Sur,OM,22.5667,59.5289,80.83,74,6,9.62,clear sky
444,Verkhnevilyuysk,RU,63.4453,120.3167,38.84,67,100,7.0,overcast clouds
445,Mawlaik,MM,23.6333,94.4167,75.4,100,100,1.28,light rain
446,Leshukonskoye,RU,64.8989,45.7622,38.68,77,100,6.69,overcast clouds
447,Luanda,AO,-8.8368,13.2343,68.0,88,20,3.44,few clouds
448,Qasigiannguit,GL,68.8193,-51.1922,21.45,84,3,5.37,clear sky
449,Lasa,IT,46.6166,10.7002,57.61,93,79,0.98,broken clouds
450,Asau,RO,46.4333,26.4,57.76,75,40,5.39,scattered clouds
451,Kalabo,ZM,-14.97,22.6814,77.29,41,90,10.07,overcast clouds
452,Salym,RU,60.0625,71.4789,33.87,97,100,10.85,light rain
453,Llano De Piedra,PA,7.6667,-80.5667,77.79,90,100,1.79,overcast clouds
454,Turukhansk,RU,65.8167,87.9833,42.4,85,100,9.13,light rain
455,Caravelas,BR,-17.7125,-39.2481,71.26,84,6,7.05,clear sky
456,Aykhal,RU,66.0,111.5,31.77,71,8,3.29,clear sky
457,Dongsheng,CN,39.8161,109.9776,61.0,56,100,6.55,light rain
458,Dutse,NG,11.7594,9.3392,76.32,66,20,9.33,few clouds
459,Melfi,IT,40.9965,15.6514,69.22,82,100,5.44,overcast clouds
460,Plettenberg Bay,ZA,-34.0527,23.3716,57.78,60,0,3.98,clear sky
461,Kloulklubed,PW,7.0419,134.2556,84.7,80,100,19.01,overcast clouds
462,Belaya Gora,RU,68.5333,146.4167,31.75,71,100,16.31,overcast clouds
463,Pangnirtung,CA,66.1451,-65.7125,32.86,83,100,3.29,overcast clouds
464,Soe,ID,-9.8607,124.284,77.81,46,88,9.35,overcast clouds
465,Smithers,CA,54.7804,-127.1743,45.16,96,100,3.22,light rain
466,Gisborne,NZ,-38.6533,178.0042,62.94,50,5,8.66,clear sky
467,Maracai,BR,-22.6106,-50.6672,81.12,35,6,4.29,clear sky
468,Amahai,ID,-3.3333,128.9167,79.59,81,85,3.2,overcast clouds
469,Deputatskiy,RU,69.3,139.9,24.33,96,100,17.83,light snow
470,Zhigansk,RU,66.7697,123.3711,34.57,76,100,13.44,overcast clouds
471,Troitskoye,RU,52.9821,84.6757,42.13,66,63,5.46,broken clouds
472,Gualeguaychu,AR,-33.0094,-58.5172,61.86,85,0,8.19,clear sky
473,Grand Island,US,40.925,-98.342,81.01,58,1,1.99,clear sky
474,Erenhot,CN,43.6475,111.9767,67.78,36,100,6.2,overcast clouds
475,Mandera,KE,3.9366,41.867,77.86,49,6,15.55,clear sky
476,Qaqortoq,GL,60.7167,-46.0333,41.5,95,100,7.25,light rain
477,Taksimo,RU,56.3444,114.8794,44.92,61,38,1.41,scattered clouds
478,Paoua,CF,7.2427,16.4406,67.15,94,51,1.48,broken clouds
479,Sandakan,MY,5.8402,118.1179,80.31,80,41,5.86,scattered clouds
480,Kilifi,KE,-3.6305,39.8499,73.53,88,3,11.16,clear sky
481,Alta Floresta,BR,-9.8756,-56.0861,78.98,55,25,3.69,scattered clouds
482,Rawah,IQ,34.4816,41.9093,79.39,30,0,7.85,clear sky
483,Acapulco,MX,16.8634,-99.8901,82.22,78,90,0.0,overcast clouds
484,Viransehir,TR,37.2353,39.7631,74.62,29,0,5.77,clear sky
485,Cururupu,BR,-1.8283,-44.8683,76.21,87,13,4.97,few clouds
486,La Tuque,CA,47.4334,-72.7824,50.58,74,50,4.16,scattered clouds
487,Umred,IN,20.85,79.3333,75.49,88,97,3.6,overcast clouds
488,Kavaratti,IN,10.5669,72.642,81.57,77,100,8.95,overcast clouds
489,Zabid,YE,14.1951,43.3152,86.65,66,22,9.71,few clouds
490,San Buenaventura,MX,27.0833,-101.5333,85.12,55,1,17.83,clear sky
491,Sotnikovskoye,RU,45.0039,43.7772,58.03,76,100,10.31,overcast clouds
492,Kochinda,IN,21.7333,84.35,76.53,88,100,1.5,heavy intensity rain
493,Laguna,US,38.421,-121.4238,79.18,62,1,8.01,clear sky
494,Domna,RU,51.8971,113.1573,39.36,100,75,0.0,broken clouds
495,San Jose De Guanipa,VE,8.8872,-64.1651,79.56,60,33,3.33,scattered clouds
496,Sinazongwe,ZM,-17.2614,27.4618,72.0,68,7,15.59,clear sky
497,Kirakira,SB,-10.4544,161.9205,83.91,75,33,13.91,scattered clouds
498,Yumen,CN,40.2833,97.2,66.9,26,6,10.78,clear sky
499,Salisbury,GB,51.0693,-1.7957,60.62,95,100,4.61,overcast clouds
500,Saint George,US,37.1041,-113.5841,80.94,48,90,4.0,overcast clouds
501,Evreux,FR,49.0241,1.1508,62.89,100,90,8.05,overcast clouds
502,Molina,CL,-35.1167,-71.2833,49.33,87,1,5.64,clear sky
503,Luxor,EG,25.6989,32.6421,79.2,29,0,1.23,clear sky
504,Tecoanapa,MX,16.5167,-98.75,80.17,78,100,2.33,overcast clouds
505,Mbandaka,CD,0.0487,18.2603,70.32,93,100,1.19,overcast clouds
506,Loukhi,RU,66.0764,33.0381,40.03,80,100,3.51,overcast clouds
507,Demirci,TR,39.0461,28.6589,63.88,58,1,2.06,clear sky
508,Esperance,AU,-33.8667,121.9,60.64,82,100,12.12,light rain
509,Hare Bay,CA,48.8499,-54.0148,65.86,84,100,13.09,overcast clouds
510,Magaramkent,RU,41.6159,48.348,55.9,83,0,3.18,clear sky
511,Praia Da Vitoria,PT,38.7333,-27.0667,66.76,74,99,8.88,overcast clouds
512,Manaus,BR,-3.1019,-60.025,79.29,89,40,4.61,scattered clouds
513,Pilar,BR,-9.5972,-35.9567,71.53,89,28,1.57,scattered clouds
514,Liverpool,GB,53.4106,-2.9779,63.61,86,40,1.99,light rain
515,Dapaong,TG,10.8639,0.205,75.16,80,93,5.61,overcast clouds
516,Egvekinot,RU,66.3167,-179.1667,32.38,81,86,5.39,light snow
517,Ostrovnoy,RU,68.0531,39.5131,36.86,80,8,2.89,clear sky
518,Flagstaff,US,35.1981,-111.6513,65.12,73,20,5.99,few clouds
519,Tsiroanomandidy,MG,-18.7667,46.0333,60.24,80,48,1.61,scattered clouds
520,Northam,GB,51.0333,-4.2167,58.62,96,95,4.41,overcast clouds
521,Graham,US,47.0529,-122.2943,58.37,88,75,1.99,broken clouds
522,Kamaishi,JP,39.2667,141.8833,73.71,59,44,2.28,scattered clouds
523,Kavieng,PG,-2.5744,150.7967,84.25,73,22,15.01,light rain
524,Mana,GF,5.6592,-53.7767,79.25,84,100,6.91,overcast clouds
525,Kysyl-Syr,RU,63.8986,122.7617,38.84,67,100,9.1,overcast clouds
526,Kodinsk,RU,58.6881,99.1844,51.87,95,45,4.76,scattered clouds
527,San Cristobal,VE,7.7669,-72.225,77.18,97,100,3.13,overcast clouds
528,Mumias,KE,0.3351,34.4864,62.13,95,100,4.12,overcast clouds
529,Whitehorse,CA,60.7161,-135.0538,51.03,62,100,2.26,overcast clouds
530,Trincomalee,LK,8.5711,81.2335,78.93,85,93,9.1,overcast clouds
531,Ortakoy,TR,38.7373,34.0387,53.85,36,5,8.46,clear sky
532,La Orilla,MX,17.9833,-102.2333,79.39,85,100,3.18,overcast clouds
533,Christchurch,NZ,-43.5333,172.6333,62.33,57,99,5.01,overcast clouds
534,Mindelo,CV,16.8901,-24.9804,80.15,78,75,16.11,broken clouds
535,Sangar,RU,63.9242,127.4739,38.25,75,55,17.54,broken clouds
536,Asfi,MA,32.2994,-9.2372,68.67,77,0,12.17,clear sky
537,Tabas,IR,33.5959,56.9244,77.86,15,0,2.01,clear sky
538,Biharamulo,TZ,-2.6319,31.3089,62.11,87,99,3.67,overcast clouds
539,Luz,BR,-19.8014,-45.6856,76.12,36,62,3.87,broken clouds
540,Karcag,HU,47.3167,20.9333,53.6,73,3,9.53,clear sky
541,Irece,BR,-11.3042,-41.8558,72.48,37,2,11.39,clear sky
542,Texarkana,US,33.4251,-94.0477,80.82,84,1,4.61,clear sky
543,Narwar,IN,25.65,77.9,73.54,94,100,5.53,overcast clouds
544,Bembereke,BJ,10.2283,2.6634,71.2,93,99,4.54,overcast clouds
545,Codrington,AU,-38.2667,141.9667,52.66,85,100,21.56,light rain
546,Ust-Ilimsk,RU,58.0006,102.6619,52.65,81,100,2.17,overcast clouds
547,Bonthe,SL,7.5264,-12.505,76.95,89,100,4.32,light rain
548,Meadow Lake,US,34.8014,-106.5436,84.9,25,13,11.21,few clouds
549,Oussouye,SN,12.485,-16.5469,79.18,86,100,2.42,overcast clouds
550,Semnan,IR,35.5729,53.3971,71.38,33,0,7.54,clear sky
551,Ust-Tsilma,RU,65.441,52.1498,37.09,75,100,11.34,overcast clouds
552,Shimoda,JP,34.6667,138.95,76.98,82,100,18.72,overcast clouds
553,Zhezkazgan,KZ,47.8043,67.7144,46.13,57,32,8.16,scattered clouds
554,Adrar,MR,20.5022,-10.0711,85.66,30,70,16.35,broken clouds
555,Chernyshevskiy,RU,63.0128,112.4714,39.42,63,97,4.0,overcast clouds
556,Benguela,AO,-12.5763,13.4055,70.99,83,96,5.64,overcast clouds
557,Abu Samrah,SY,35.3029,37.1841,69.19,59,0,4.94,clear sky
558,Shelburne,CA,44.0787,-80.2041,57.27,64,37,7.11,scattered clouds
559,Novyy Urengoy,RU,66.0833,76.6333,37.35,94,93,12.86,overcast clouds
560,Yerofey Pavlovich,RU,53.9667,121.9667,44.98,57,100,2.86,overcast clouds
561,San Quintin,MX,30.4833,-115.95,70.18,71,0,17.74,clear sky
562,San Patricio,US,28.017,-97.5169,86.72,61,0,7.47,clear sky
563,Fayaoue,NC,-20.65,166.5333,72.28,59,0,15.08,clear sky
564,Sydney,AU,-33.8679,151.2073,72.34,38,0,5.01,clear sky
565,Pestretsy,RU,55.7531,49.6545,35.74,92,8,6.11,clear sky
566,Yenagoa,NG,4.9247,6.2642,74.93,95,97,3.22,light rain
567,Ust-Kuyga,RU,70.0167,135.6,33.96,71,98,18.66,overcast clouds
568,Esik,KZ,43.3552,77.4525,51.22,28,0,5.59,clear sky
569,Gatesville,US,31.4352,-97.7439,88.48,49,1,0.0,clear sky
570,Rock Sound,BS,24.9,-76.2,83.43,73,3,8.77,clear sky
571,Menongue,AO,-14.6585,17.691,67.77,63,97,5.21,light rain
572,Shaoyang,CN,27.2315,111.4525,83.28,65,9,5.32,clear sky
573,Kiama,AU,-34.6833,150.8667,69.26,38,12,6.8,few clouds
574,Muroran,JP,42.3172,140.9881,68.5,71,3,11.3,clear sky
575,San Jose,US,37.3394,-121.895,75.11,63,20,4.0,few clouds
576,Naze,JP,28.3667,129.4833,78.91,64,9,5.26,clear sky
577,Vila Velha,BR,-20.3297,-40.2925,73.02,74,4,11.52,clear sky
578,Clevelandia,BR,-26.3958,-52.4708,64.44,93,74,2.64,broken clouds
579,Wajir,KE,1.7471,40.0573,75.06,66,10,14.97,clear sky
580,Flinders,AU,-34.5833,150.8552,69.06,44,7,11.01,clear sky
581,Buzmeyin,TM,38.0507,58.2056,73.62,34,0,1.66,clear sky
582,Aljezur,PT,37.3191,-8.8033,61.34,78,0,12.1,clear sky
583,Saint-Pierre,RE,-21.3393,55.4781,71.24,86,90,5.75,moderate rain
584,Correntina,BR,-13.3433,-44.6367,71.19,17,5,4.76,clear sky
585,Pitman,US,39.7329,-75.1316,77.58,84,4,5.86,clear sky
586,New Albany,US,38.2856,-85.8241,80.69,80,90,1.01,overcast clouds
587,Lagunas,PE,-5.2269,-75.6753,78.6,69,38,2.66,scattered clouds
588,Fairfield,US,41.2668,-73.3162,74.8,86,40,3.44,scattered clouds
589,Mandalgovi,MN,45.7625,106.2708,54.84,74,98,8.23,overcast clouds
590,Acajutla,SV,13.5928,-89.8275,80.46,82,54,3.02,broken clouds
591,Elko,US,41.0002,-115.5012,77.02,12,0,21.99,clear sky
592,Mogadishu,SO,2.0371,45.3438,76.93,82,21,16.15,few clouds
593,Sept-Iles,CA,50.2001,-66.3821,58.05,65,87,3.0,overcast clouds
594,Puerto Leguizamo,CO,-0.1934,-74.7819,74.39,80,74,0.81,broken clouds
595,Mazatlan,MX,23.2167,-106.4167,86.92,80,20,5.01,few clouds
596,Rondonopolis,BR,-16.4708,-54.6356,85.68,18,5,3.44,clear sky
597,Nizwa,OM,22.9333,57.5333,79.18,67,9,2.95,clear sky
598,Rundu,NA,-17.9333,19.7667,71.92,28,82,7.54,broken clouds
599,Camana,PE,-16.6228,-72.7111,61.63,83,30,4.81,scattered clouds
600,Riberalta,BO,-10.9833,-66.1,82.13,52,19,2.39,few clouds
601,Vagur,FO,61.4732,-6.8119,53.06,86,100,21.99,overcast clouds
602,Houma,US,29.5958,-90.7195,80.01,89,31,6.04,scattered clouds
603,Dahod,IN,22.8333,74.2667,74.34,96,100,9.55,overcast clouds
604,Adamovka,RU,51.5223,59.9396,36.55,87,16,12.86,few clouds
605,Muros,ES,42.7762,-9.0603,59.99,94,82,4.65,broken clouds
606,Itatinga,BR,-23.1017,-48.6158,69.6,64,23,4.29,few clouds
607,Moussoro,TD,13.6408,16.4901,85.77,52,3,5.5,clear sky
608,Agadez,NE,19.75,10.25,83.73,14,55,3.94,broken clouds
609,Mosquera,CO,4.7059,-74.2302,55.49,82,40,2.3,scattered clouds
610,Kashi,CN,39.4547,75.9797,68.07,28,0,5.41,clear sky
611,Kaohsiung,TW,22.6163,120.3133,87.04,80,20,1.99,few clouds
612,Luwingu,ZM,-10.2621,29.9271,65.59,43,0,6.02,clear sky
613,Pandan,PH,14.0453,124.1694,78.58,92,100,4.12,heavy intensity rain
614,Madang,PG,-5.2246,145.7966,80.38,84,100,2.84,overcast clouds
615,Quballat,TN,36.5418,9.6633,75.42,68,2,1.59,clear sky
616,Nizhniy Tsasuchey,RU,50.5167,115.1333,50.16,66,7,5.12,clear sky
617,Ampanihy,MG,-24.7,44.75,61.45,54,100,8.79,overcast clouds
618,Sabzevar,IR,36.2126,57.6819,70.57,50,0,8.03,clear sky
619,Asifabad,IN,19.3667,79.2833,74.93,84,100,2.28,overcast clouds
620,Moose Factory,CA,51.2585,-80.6094,51.62,77,100,4.72,overcast clouds
621,Khasan,RU,42.4308,130.6434,67.78,60,100,2.21,overcast clouds
622,Aripuana,BR,-9.1667,-60.6333,76.39,78,17,4.16,moderate rain
623,Vao,NC,-22.6667,167.4833,68.97,60,100,15.66,overcast clouds
624,Guanica,PR,17.9716,-66.908,81.25,84,0,3.71,clear sky
625,Kushiro,JP,42.975,144.3747,66.24,73,0,9.73,clear sky
626,Ziro,IN,27.6333,93.8333,59.58,95,72,0.81,broken clouds
627,Inuvik,CA,68.3499,-133.7218,45.36,100,90,3.44,light rain
628,Salinopolis,BR,-0.6136,-47.3561,78.75,86,11,11.81,few clouds
629,Penha,BR,-26.7694,-48.6458,68.72,94,75,0.0,broken clouds
630,Alyangula,AU,-13.8483,136.4192,82.02,59,92,12.21,overcast clouds
631,Turbat,PK,26.0023,63.044,80.28,80,66,4.43,broken clouds
632,Pozo Colorado,PY,-23.4923,-58.7972,87.48,30,95,4.9,overcast clouds
633,Marsh Harbour,BS,26.5412,-77.0636,83.16,68,11,6.67,few clouds
634,Tagusao,PH,9.1924,117.8141,83.07,71,97,2.19,overcast clouds
635,Sibolga,ID,1.7427,98.7792,77.04,87,94,1.34,overcast clouds
636,Margate,GB,51.3813,1.3862,62.31,90,100,9.04,overcast clouds
637,Det Udom,TH,14.906,105.0784,78.75,87,89,3.2,overcast clouds
638,Labuhan,ID,-6.8844,112.2051,82.27,68,4,5.68,clear sky
639,Anito,PH,12.4497,125.2886,81.52,85,100,1.92,moderate rain
640,Tokur,RU,53.1333,132.9,40.39,59,61,9.15,broken clouds
641,Coffs Harbour,AU,-30.3,153.1333,70.12,52,42,10.36,scattered clouds
642,Zhongshu,CN,24.5167,103.7667,64.15,96,100,3.44,overcast clouds
643,Alexandria,EG,31.2156,29.9553,77.32,60,0,5.53,clear sky
644,Quatre Cocos,MU,-20.2078,57.7625,68.09,82,63,4.97,broken clouds
645,Novyy Buyan,RU,53.6861,50.0469,42.96,83,67,6.42,broken clouds
646,Lashio,MM,22.9333,97.75,68.7,99,100,0.4,overcast clouds
647,Marataizes,BR,-21.0433,-40.8244,72.3,84,4,5.82,clear sky
648,Khartoum,SD,15.5518,32.5324,84.02,64,98,1.01,overcast clouds
649,Maymyo,MM,22.0333,96.4667,67.37,95,100,1.54,light rain
650,Roma,US,43.2128,-75.4557,64.67,89,1,0.0,clear sky
651,Qandala,SO,11.472,49.8728,88.34,59,64,0.72,broken clouds
652,Beloit,US,42.5084,-89.0318,73.62,57,1,5.75,clear sky
653,Haines Junction,CA,60.7522,-137.5108,47.28,66,100,2.17,overcast clouds
654,Nieuw Amsterdam,SR,5.8833,-55.0833,78.03,87,89,4.23,overcast clouds
655,Presidencia Roque Saenz Pena,AR,-26.7852,-60.4388,80.4,48,85,11.23,overcast clouds
656,Fort-Shevchenko,KZ,44.5086,50.263,59.92,50,5,14.94,clear sky
657,Iranshahr,IR,27.2025,60.6848,84.52,41,0,1.12,clear sky
658,Ndele,CF,8.4109,20.6473,69.37,96,100,1.19,light rain
659,Clinton,US,42.587,-82.9199,70.12,72,20,8.05,few clouds
660,Stabat,ID,3.761,98.4513,79.0,90,77,2.68,broken clouds
661,Bairiki,KI,1.3292,172.9752,87.8,66,40,17.27,scattered clouds
662,Devarkonda,IN,16.7,78.9333,78.03,69,100,5.48,overcast clouds
663,Dicabisagan,PH,17.0818,122.4157,85.64,68,79,2.1,broken clouds
664,Abha,SA,18.2164,42.5053,61.05,23,0,0.0,clear sky
665,Villazon,BO,-22.0866,-65.5942,53.71,60,92,17.65,overcast clouds
666,Rakaia,NZ,-43.75,172.0167,61.12,47,100,14.12,overcast clouds
667,Lodwar,KE,3.1191,35.5973,78.12,63,75,2.44,light rain
668,Iralaya,HN,15.0,-83.2333,80.51,84,100,9.17,overcast clouds
669,Cairns,AU,-16.9167,145.7667,84.07,49,41,21.85,scattered clouds
670,Koulikoro,ML,14.0,-7.75,77.76,65,10,9.71,clear sky
671,San Carlos De Bariloche,AR,-41.1456,-71.3082,35.87,87,20,4.85,few clouds
672,Eureka,US,40.8021,-124.1637,67.39,76,60,8.01,broken clouds
673,Sterling,US,39.0062,-77.4286,77.29,87,20,0.0,few clouds
674,Biak,ID,-0.9131,122.8766,79.43,69,100,5.53,overcast clouds
675,Juneau,US,58.3019,-134.4197,60.8,75,40,6.91,scattered clouds
676,Oktyabrskiy,RU,54.4815,53.471,32.18,94,9,5.84,clear sky
677,Yabrud,SY,33.9674,36.6574,56.52,41,0,3.04,clear sky
678,Pop,UZ,40.8736,71.1089,63.09,19,0,3.06,clear sky
679,Khandyga,RU,62.6667,135.6,45.12,89,100,5.5,overcast clouds
680,Hastings,GB,50.8552,0.5729,62.35,86,100,5.46,overcast clouds
681,Butte,US,39.6499,-121.5677,76.78,56,90,5.75,light rain
682,Syracuse,IT,37.0881,15.2792,79.9,66,12,9.55,few clouds
683,Batagay-Alyta,RU,67.8006,130.4114,28.83,87,100,10.63,light snow
684,Constitucion,CL,-35.3333,-72.4167,49.73,75,15,13.47,few clouds
685,Qom,IR,34.6401,50.8764,75.56,26,0,5.73,clear sky
686,Walvis Bay,NA,-22.9575,14.5053,53.1,93,0,6.35,clear sky
687,Baljevac,BA,44.8206,15.7799,54.43,88,22,1.92,few clouds
688,Celestun,MX,20.8667,-90.4,81.99,84,42,15.05,scattered clouds
689,Pemba,MZ,-12.974,40.5178,74.23,77,80,19.08,broken clouds
690,Papara,BR,-3.9839,-38.7273,79.2,88,2,4.88,clear sky
691,Xifeng,CN,42.7372,124.7222,70.25,62,100,3.33,overcast clouds
692,Puri,IN,19.8,85.85,79.32,76,100,3.38,heavy intensity rain
693,Lagos,NG,6.5833,3.75,76.35,91,72,3.89,broken clouds
694,Amapa,BR,1.0,-52.0,71.89,97,100,2.17,overcast clouds
695,Lulea,SE,65.5842,22.1547,41.07,93,90,2.3,overcast clouds
696,Rennes,FR,48.1667,-1.6667,62.92,100,90,3.44,overcast clouds
697,Kalulushi,ZM,-12.8378,28.0919,63.79,71,0,8.12,clear sky
698,Osoyoos,CA,49.0331,-119.4524,65.16,73,73,6.82,broken clouds
